02:49:14,720
02:49:14,695
02:49:15,712
02:49:16,745
02:49:17,791
02:49:17,765
02:49:18,763
02:49:19,752
02:49:20,745
02:49:20,700
02:49:21,703
02:49:22,694
02:49:22,686
02:49:23,682
02:49:24,682
02:49:24,714
02:49:25,730
02:49:26,735
02:49:27,771
02:49:27,758
02:49:28,774
02:49:29,750
02:49:30,733
02:49:30,736
02:49:31,724
02:49:32,700
02:49:33,701
02:49:33,695
02:49:34,718
02:49:35,717
02:49:35,716
02:49:36,735
02:49:37,771
02:49:38,819
02:49:39,767
02:49:39,793
02:49:40,757
02:49:41,770
02:49:42,754
02:49:42,727
02:49:43,723
02:49:44,727
02:49:44,734
02:49:45,732
02:49:46,719
02:49:47,714
02:49:47,732
02:49:48,741
02:49:49,753
02:49:50,728
02:49:50,735
02:49:51,738
02:49:52,751
02:49:53,720
02:49:53,721
02:49:54,726
02:49:55,772
02:49:56,763
02:49:56,793
02:49:57,762
02:49:58,769
02:49:59,773
02:49:59,750
02:50:00,748
02:50:01,762
02:50:02,773
02:50:02,791
02:50:03,763
02:50:04,758
02:50:05,755
02:50:05,771
02:50:06,744
02:50:07,728
02:50:08,733
02:50:08,740
02:50:09,716
02:50:10,700
02:50:11,704
02:50:11,714
02:50:12,699
02:50:13,720
02:50:13,703
02:50:14,736
02:50:15,727
02:50:16,712
02:50:16,713
02:50:17,724
02:50:18,736
02:50:18,724
02:50:19,690
02:50:20,668
02:50:20,661
02:50:21,694
02:50:22,716
02:50:23,708
02:50:23,688
02:50:24,688
02:50:25,725
02:50:25,692
02:50:26,748
02:50:27,747
02:50:28,694
02:50:28,702
02:50:29,669
02:50:30,691
02:50:30,699
02:50:31,675
02:50:32,665
02:50:32,676
02:50:33,652
02:50:34,677
02:50:34,702
02:50:35,669
02:50:36,683
02:50:36,674
02:50:37,711
02:50:38,726
02:50:39,688
02:50:39,680
02:50:40,665
02:50:41,690
02:50:41,702
02:50:42,688
02:50:43,703
02:50:43,695
02:50:44,739
18:11:18,891
18:11:19,999
18:11:19,1053
18:11:20,973
18:11:20,793
18:11:21,932
18:11:24,739
18:11:25,760
18:11:26,882
18:11:26,851
18:11:27,976
18:11:27,1035
18:11:31,959
18:11:32,796
18:11:33,782
18:11:34,881
18:11:36,886
18:11:37,713
18:11:38,808
18:11:39,913
18:11:40,920
18:11:52,1029
18:11:52,1037
18:11:53,793
18:11:54,1096
18:11:54,1055
18:11:55,941
18:11:56,793
18:11:56,790
18:11:57,753
18:11:57,976
18:11:58,1070
18:11:58,1034
18:11:58,776
18:11:59,742
18:12:00,825
18:12:00,700
18:12:00,991
18:12:01,873
18:12:01,843
18:12:01,1007
18:12:02,908
18:12:02,846
18:12:15,960
18:19:05,1059
18:19:05,848
18:19:06,790
18:19:06,912
18:19:06,960
18:19:06,908
18:19:06,722
18:19:06,926
18:19:07,886
18:19:07,921
18:19:07,1013
18:19:08,787
18:19:08,1084
18:19:08,1079
18:19:08,1050
18:19:25,864
18:19:26,777
18:19:32,890
18:19:32,730
18:19:32,891
18:19:33,1073
18:19:34,1067
18:19:35,811
18:20:39,922
18:20:40,874
18:20:40,1073
18:20:40,936
18:20:40,877
18:20:40,933
18:20:41,729
18:20:41,761
18:20:41,1080
18:20:41,784
18:20:46,700
18:20:46,874
18:20:47,717
18:20:48,788
18:20:49,1001
18:20:50,749
18:20:51,852
18:20:52,941
18:20:53,862
18:20:55,1096
18:20:56,1035
18:20:56,974
18:20:56,1095
18:20:57,868
18:20:57,1064
18:20:57,1041
18:20:57,916
18:20:58,847
18:20:58,1084
18:20:59,908
18:20:59,837
18:21:00,893
18:21:00,774
18:21:00,1023
18:21:00,772
18:21:01,1003
18:21:01,897
18:21:01,890
18:21:01,928
18:21:02,788
18:21:02,827
18:21:03,988
18:21:04,961
18:21:04,1068
18:21:04,1011
18:21:05,773
18:21:05,1053
18:21:05,810
18:21:05,717
18:21:06,1037
18:21:06,1014
18:21:06,818
18:21:06,1062
18:21:06,814
18:21:06,701
18:21:07,1040
18:21:07,863
18:21:07,924
18:21:07,999
18:21:07,705
18:21:08,920
18:23:06,1025
18:23:07,704
18:23:07,1001
18:23:07,763
18:23:07,714
18:23:08,991
18:23:08,804
18:23:08,989
18:23:11,1078
18:23:21,754
18:23:21,1046
18:23:21,726
18:23:21,1015
18:23:21,737
18:23:21,709
18:23:21,949
18:23:21,1090
18:23:21,715
18:23:21,928
18:23:21,1050
18:23:21,780
18:23:38,848
18:23:38,1018
18:23:39,1003
18:23:40,1004
18:23:41,951
18:23:49,1058
18:24:47,1088
18:24:48,917
18:24:48,779
18:24:48,899
18:24:49,776
18:24:49,1092
18:24:50,962
18:24:50,939
18:24:51,1094
18:24:51,1090
18:24:55,835
18:24:58,898
18:24:58,881
18:24:59,1074
18:25:00,992
18:25:00,761
18:25:01,881
18:25:02,1033
18:25:02,1062
18:25:03,908
18:25:03,814
18:25:03,1089
18:25:04,946
18:25:05,819
18:25:06,1078
18:25:06,742
18:25:07,1060
18:25:08,885
18:25:08,814
18:25:09,1041
18:25:09,779
18:25:09,1066
18:25:10,800
18:25:10,990
18:25:11,1024
18:25:11,1066
18:25:12,1042
18:25:12,940
18:25:12,719
18:25:13,1015
18:25:13,775
18:25:14,1072
18:25:14,816
18:25:14,741
18:25:14,943
18:25:15,710
18:25:15,996
18:25:16,818
18:25:16,986
18:25:16,982
18:25:16,715
18:25:17,1093
18:25:17,905
18:25:17,1023
18:25:17,1090
18:25:18,1047
18:25:18,853
18:25:18,898
18:25:19,905
18:25:19,1032
18:25:19,1001
18:25:19,1006
18:25:20,771
18:25:20,848
18:25:21,922
18:25:21,819
18:25:21,887
18:25:21,980
18:25:22,1000
18:25:22,949
18:25:22,915
18:25:22,1072
18:25:23,940
18:25:23,1071
18:25:23,896
18:25:23,839
18:25:24,945
18:25:24,1057
18:25:24,928
18:25:25,1092
18:25:25,943
18:25:25,856
18:25:26,740
18:25:26,827
18:25:26,930
18:25:26,841
18:25:26,794
18:25:27,802
18:25:27,921
18:25:27,777
18:25:27,900
18:25:27,918
18:25:28,955
18:25:28,700
18:25:28,900
18:25:28,747
18:25:28,724
18:25:29,920
18:25:29,803
18:25:29,963
18:25:30,796
18:25:30,805
18:25:30,849
18:25:30,778
18:25:31,1017
18:25:31,835
18:25:31,758
18:25:32,812
18:25:32,843
18:25:32,904
18:25:32,711
18:25:33,771
18:25:33,885
18:25:33,997
18:25:33,740
18:25:34,849
18:25:34,908
18:25:34,708
18:25:37,943
18:26:25,1010
18:26:26,893
18:26:27,736
18:26:27,977
18:26:28,889
18:26:28,893
18:26:29,804
18:26:29,927
18:26:29,893
18:26:30,1000
18:26:32,833
18:26:34,752
18:26:38,791
18:26:39,792
18:26:41,961
18:26:42,814
18:26:44,973
18:26:46,853
18:26:48,784
18:26:49,767
18:26:50,801
18:26:51,892
18:26:53,874
18:26:53,803
18:26:55,819
18:26:56,971
18:26:58,898
18:26:59,729
18:27:00,807
18:27:01,747
18:27:02,928
18:27:03,1021
18:27:03,945
18:27:04,970
18:27:05,978
18:27:23,707
18:27:23,1096
18:27:24,875
18:27:24,750
18:27:26,792
18:27:26,842
18:27:27,871
18:27:27,704
18:27:28,903
18:27:29,839
18:27:30,855
18:27:30,828
18:27:31,947
18:27:32,1067
18:27:33,749
18:27:33,1054
18:27:34,978
18:27:34,730
18:27:35,700
18:27:36,977
18:27:36,831
18:27:37,760
18:27:37,728
18:27:38,860
18:27:38,843
18:27:38,872
18:27:39,966
18:27:39,856
18:27:40,895
18:27:40,959
18:27:41,946
18:27:41,718
18:27:42,780
18:27:42,787
18:27:43,1024
18:27:43,786
18:27:44,883
18:27:44,757
18:27:45,954
18:27:45,1062
18:27:46,1025
18:27:46,936
18:27:46,984
18:27:47,812
18:27:47,1026
18:27:48,702
18:27:48,845
18:27:49,861
18:27:49,935
18:27:50,702
18:27:50,750
18:27:50,799
18:27:51,1058
18:27:51,867
18:27:52,861
18:27:52,757
18:27:53,1053
18:27:53,1092
18:27:54,980
18:27:54,985
18:27:55,762
18:27:55,715
18:27:56,990
18:27:56,1055
18:27:57,869
18:27:57,725
18:27:58,1055
18:27:58,870
18:27:59,854
18:27:59,773
18:28:00,963
18:28:00,896
18:28:00,755
18:28:01,965
18:28:01,836
18:28:02,971
00:53:14,1090
00:53:14,940
00:53:15,1015
00:53:15,827
00:53:16,1081
00:53:43,1011
00:53:43,1086
00:53:44,916
00:53:44,1046
00:53:49,888
00:53:49,819
00:53:50,998
00:54:05,1076
00:54:06,988
00:54:06,701
00:54:07,969
00:54:18,777
00:54:20,982
00:54:20,892
00:54:20,878
00:54:21,1068
00:54:21,984
00:54:22,927
00:54:23,1057
00:54:23,727
00:54:26,909
00:54:28,1026
00:57:36,862
00:57:36,958
00:57:36,761
00:57:36,957
00:57:37,1096
00:57:37,949
00:57:43,1004
00:57:43,998
00:57:44,874
00:57:44,1030
00:57:44,1079
00:57:45,1030
00:57:45,931
00:57:45,866
00:57:46,847
00:57:46,710
00:57:47,846
00:57:49,805
00:57:49,714
00:57:50,1047
00:57:50,1060
00:57:51,959
00:57:51,987
00:57:51,1046
00:57:51,879
00:57:52,813
00:57:52,803
00:57:55,1030
00:57:55,970
00:57:56,1075
00:57:57,849
00:57:58,795
00:57:59,1028
00:57:59,889
00:58:00,773
00:58:01,870
00:58:03,771
00:58:03,1071
00:58:04,786
00:58:05,1016
00:58:06,805
